machine,cpu,git_commit,scene,particles,threads,average_update_ms
BCNDEVWS1,AMD Ryzen 9 9900X 12-Core Processor,c6128016e08b,platforms,32768,1,7.746998
BCNDEVWS1,AMD Ryzen 9 9900X 12-Core Processor,c6128016e08b,platforms,32768,2,4.124850
BCNDEVWS1,AMD Ryzen 9 9900X 12-Core Processor,c6128016e08b,platforms,32768,3,2.854820
BCNDEVWS1,AMD Ryzen 9 9900X 12-Core Processor,c6128016e08b,platforms,32768,4,2.261363
BCNDEVWS1,AMD Ryzen 9 9900X 12-Core Processor,c6128016e08b,platforms,32768,5,1.938769
BCNDEVWS1,AMD Ryzen 9 9900X 12-Core Processor,c6128016e08b,platforms,32768,6,1.733649
BCNDEVWS1,AMD Ryzen 9 9900X 12-Core Processor,c6128016e08b,platforms,32768,7,1.544093
BCNDEVWS1,AMD Ryzen 9 9900X 12-Core Processor,c6128016e08b,platforms,32768,8,1.460333
BCNDEVWS1,AMD Ryzen 9 9900X 12-Core Processor,c6128016e08b,platforms,32768,9,1.330956
BCNDEVWS1,AMD Ryzen 9 9900X 12-Core Processor,c6128016e08b,platforms,32768,10,1.236896
BCNDEVWS1,AMD Ryzen 9 9900X 12-Core Processor,c6128016e08b,platforms,32768,11,1.163796
BCNDEVWS1,AMD Ryzen 9 9900X 12-Core Processor,c6128016e08b,platforms,32768,12,1.116703
BCNDEVWS1,AMD Ryzen 9 9900X 12-Core Processor,c6128016e08b,platforms,32768,13,1.067086
BCNDEVWS1,AMD Ryzen 9 9900X 12-Core Processor,c6128016e08b,platforms,32768,14,1.061449
BCNDEVWS1,AMD Ryzen 9 9900X 12-Core Processor,c6128016e08b,platforms,32768,15,1.057224
BCNDEVWS1,AMD Ryzen 9 9900X 12-Core Processor,c6128016e08b,platforms,32768,16,1.030784
BCNDEVWS1,AMD Ryzen 9 9900X 12-Core Processor,c6128016e08b,platforms,32768,17,1.015788
BCNDEVWS1,AMD Ryzen 9 9900X 12-Core Processor,c6128016e08b,platforms,32768,18,0.991380
BCNDEVWS1,AMD Ryzen 9 9900X 12-Core Processor,c6128016e08b,platforms,32768,19,0.974384
BCNDEVWS1,AMD Ryzen 9 9900X 12-Core Processor,c6128016e08b,platforms,32768,20,0.947579
BCNDEVWS1,AMD Ryzen 9 9900X 12-Core Processor,c6128016e08b,platforms,32768,21,0.944434
BCNDEVWS1,AMD Ryzen 9 9900X 12-Core Processor,c6128016e08b,platforms,32768,22,0.949343
BCNDEVWS1,AMD Ryzen 9 9900X 12-Core Processor,c6128016e08b,platforms,32768,23,0.972058
BCNDEVWS1,AMD Ryzen 9 9900X 12-Core Processor,c6128016e08b,platforms,32768,24,1.029911
BCNDEVWS1,AMD Ryzen 9 9900X 12-Core Processor,c6128016e08b,platforms,65536,1,17.870972
BCNDEVWS1,AMD Ryzen 9 9900X 12-Core Processor,c6128016e08b,platforms,65536,2,9.152552
BCNDEVWS1,AMD Ryzen 9 9900X 12-Core Processor,c6128016e08b,platforms,65536,3,6.292889
BCNDEVWS1,AMD Ryzen 9 9900X 12-Core Processor,c6128016e08b,platforms,65536,4,5.059737
BCNDEVWS1,AMD Ryzen 9 9900X 12-Core Processor,c6128016e08b,platforms,65536,5,4.157371
BCNDEVWS1,AMD Ryzen 9 9900X 12-Core Processor,c6128016e08b,platforms,65536,6,3.560849
BCNDEVWS1,AMD Ryzen 9 9900X 12-Core Processor,c6128016e08b,platforms,65536,7,3.188888
BCNDEVWS1,AMD Ryzen 9 9900X 12-Core Processor,c6128016e08b,platforms,65536,8,2.828652
BCNDEVWS1,AMD Ryzen 9 9900X 12-Core Processor,c6128016e08b,platforms,65536,9,2.551231
BCNDEVWS1,AMD Ryzen 9 9900X 12-Core Processor,c6128016e08b,platforms,65536,10,2.454784
BCNDEVWS1,AMD Ryzen 9 9900X 12-Core Processor,c6128016e08b,platforms,65536,11,2.358665
BCNDEVWS1,AMD Ryzen 9 9900X 12-Core Processor,c6128016e08b,platforms,65536,12,2.213674
BCNDEVWS1,AMD Ryzen 9 9900X 12-Core Processor,c6128016e08b,platforms,65536,13,2.084596
BCNDEVWS1,AMD Ryzen 9 9900X 12-Core Processor,c6128016e08b,platforms,65536,14,2.043659
BCNDEVWS1,AMD Ryzen 9 9900X 12-Core Processor,c6128016e08b,platforms,65536,15,1.952206
BCNDEVWS1,AMD Ryzen 9 9900X 12-Core Processor,c6128016e08b,platforms,65536,16,1.889365
BCNDEVWS1,AMD Ryzen 9 9900X 12-Core Processor,c6128016e08b,platforms,65536,17,1.844589
BCNDEVWS1,AMD Ryzen 9 9900X 12-Core Processor,c6128016e08b,platforms,65536,18,1.796726
BCNDEVWS1,AMD Ryzen 9 9900X 12-Core Processor,c6128016e08b,platforms,65536,19,1.766010
BCNDEVWS1,AMD Ryzen 9 9900X 12-Core Processor,c6128016e08b,platforms,65536,20,1.739760
BCNDEVWS1,AMD Ryzen 9 9900X 12-Core Processor,c6128016e08b,platforms,65536,21,1.735607
BCNDEVWS1,AMD Ryzen 9 9900X 12-Core Processor,c6128016e08b,platforms,65536,22,1.721907
BCNDEVWS1,AMD Ryzen 9 9900X 12-Core Processor,c6128016e08b,platforms,65536,23,1.718428
BCNDEVWS1,AMD Ryzen 9 9900X 12-Core Processor,c6128016e08b,platforms,65536,24,1.780816
BCNDEVWS1,AMD Ryzen 9 9900X 12-Core Processor,c6128016e08b,platforms,131072,1,37.094471
BCNDEVWS1,AMD Ryzen 9 9900X 12-Core Processor,c6128016e08b,platforms,131072,2,19.067176
BCNDEVWS1,AMD Ryzen 9 9900X 12-Core Processor,c6128016e08b,platforms,131072,3,13.086491
BCNDEVWS1,AMD Ryzen 9 9900X 12-Core Processor,c6128016e08b,platforms,131072,4,10.202718
BCNDEVWS1,AMD Ryzen 9 9900X 12-Core Processor,c6128016e08b,platforms,131072,5,8.531820
BCNDEVWS1,AMD Ryzen 9 9900X 12-Core Processor,c6128016e08b,platforms,131072,6,7.174590
BCNDEVWS1,AMD Ryzen 9 9900X 12-Core Processor,c6128016e08b,platforms,131072,7,6.335033
BCNDEVWS1,AMD Ryzen 9 9900X 12-Core Processor,c6128016e08b,platforms,131072,8,5.679167
BCNDEVWS1,AMD Ryzen 9 9900X 12-Core Processor,c6128016e08b,platforms,131072,9,5.197698
BCNDEVWS1,AMD Ryzen 9 9900X 12-Core Processor,c6128016e08b,platforms,131072,10,4.820432
BCNDEVWS1,AMD Ryzen 9 9900X 12-Core Processor,c6128016e08b,platforms,131072,11,4.598397
BCNDEVWS1,AMD Ryzen 9 9900X 12-Core Processor,c6128016e08b,platforms,131072,12,4.432565
BCNDEVWS1,AMD Ryzen 9 9900X 12-Core Processor,c6128016e08b,platforms,131072,13,4.233112
BCNDEVWS1,AMD Ryzen 9 9900X 12-Core Processor,c6128016e08b,platforms,131072,14,4.119040
BCNDEVWS1,AMD Ryzen 9 9900X 12-Core Processor,c6128016e08b,platforms,131072,15,4.023859
BCNDEVWS1,AMD Ryzen 9 9900X 12-Core Processor,c6128016e08b,platforms,131072,16,3.907073
BCNDEVWS1,AMD Ryzen 9 9900X 12-Core Processor,c6128016e08b,platforms,131072,17,3.763652
BCNDEVWS1,AMD Ryzen 9 9900X 12-Core Processor,c6128016e08b,platforms,131072,18,3.638012
BCNDEVWS1,AMD Ryzen 9 9900X 12-Core Processor,c6128016e08b,platforms,131072,19,3.595401
BCNDEVWS1,AMD Ryzen 9 9900X 12-Core Processor,c6128016e08b,platforms,131072,20,3.480975
BCNDEVWS1,AMD Ryzen 9 9900X 12-Core Processor,c6128016e08b,platforms,131072,21,3.416263
BCNDEVWS1,AMD Ryzen 9 9900X 12-Core Processor,c6128016e08b,platforms,131072,22,3.308127
BCNDEVWS1,AMD Ryzen 9 9900X 12-Core Processor,c6128016e08b,platforms,131072,23,3.295167
BCNDEVWS1,AMD Ryzen 9 9900X 12-Core Processor,c6128016e08b,platforms,131072,24,3.301457
